{"mtx_l": [[1280.0321888252772, 0.0, 623.1249129254239], [0.0, 1278.2703758119915, 503.4574154055823], [0.0, 0.0, 1.0]], "dst_l": [[0.0020973779416336635, -0.023808301112283946, 0.00039841339942317706, -0.0031133360934808302, 0.052621621333764176]], "mtx_r": [[1276.3952652079704, 0.0, 613.9276117343004], [0.0, 1275.1549807446092, 504.83577780596454], [0.0, 0.0, 1.0]], "dst_r": [[0.00577694263719714, -0.09035570321888167, -0.0019575849312740666, -0.00318671974519185, 0.23524387775443784]], "R": [[0.999432296076544, 0.03182201636320413, 0.011065479372675002], [-0.03191715292227851, 0.9994541185588267, 0.008529961613892375], [-0.01078799835479297, -0.008878297718513247, 0.9999023926969665]], "T": [[-98.26129966599632], [-0.011122198907315934], [1.8517484239404154]], "E": [[0.059222523884008255, -1.850638842648881, -0.026916456274274237], [0.7906544399583038, -0.8134667039955923, 98.27219912953184], [3.147336812572797, -98.20730671532746, -0.8380420418195366]], "F": [[-1.2521838635687546e-08, 3.918330197185528e-07, -0.00018218373067282334], [-1.673362830978831e-07, 1.7240162394081534e-07, -0.02660540149343507], [-0.0007572299533161791, 0.02621286211921711, 1.0]]}