{"mtx_l": [[1294.2552638906095, 0.0, 622.811012703184], [0.0, 1284.9084034483258, 503.1060427173684], [0.0, 0.0, 1.0]], "dst_l": [[0.008158014516041265, 0.03586245480660401, 0.00045127006126670816, -0.0024940331074393063, -0.11216592011800083]], "mtx_r": [[1291.807049322325, 0.0, 620.6059301254955], [0.0, 1281.1619902530917, 509.4873688085817], [0.0, 0.0, 1.0]], "dst_r": [[0.008972195766265878, -0.01577540404503232, -0.0009693890539660345, -0.0025696495022763358, 0.07570373913957204]], "R": [[0.9999280217611114, 0.008139074139814217, -0.008815144301544309], [-0.0080589268292424, 0.9999262130070434, 0.009089677648505911], [0.008888475418842011, -0.00901798278660136, 0.9999198322821631]], "T": [[93.63705765597851], [0.6564125207634172], [-3.35141440156878]], "E": [[-0.02117429688128625, 3.3452475939647828, 0.6868231742464885], [-4.183463857930226, 0.8171399638420038, -93.60000778519716], [-1.410979469501271, 93.62480586889197, 0.8569170411392771]], "F": [[-7.360397588136075e-09, 1.171300460215587e-06, -0.0002757051437881668], [-1.4662968528014065e-06, 2.8848956087937934e-07, -0.041692082791745105], [0.00011803426616844163, 0.041473685137881834, 1.0]]}