{"mtx": [[1294.9269962742849, 0.0, 622.91326920836], [0.0, 1285.6798873987793, 503.55674936594875], [0.0, 0.0, 1.0]], "dist": [[0.01419028958409313, -0.005122181094766069, 0.0006748812392396219, -0.0026043625435111157, 0.004048390281119192]]}