{"mtx": [[1282.803782022003, 0.0, 622.0064734284615], [0.0, 1280.7457489613357, 499.02784450132145], [0.0, 0.0, 1.0]], "dist": [[-0.0022414506795759483, 0.0651203299319577, -0.0005111287636892589, -0.0037527926227752446, -0.161602567669298]]}